"gender","n_people","age_group_education","migration_background","education_level"
"male",4,"12","Dutch","low"
"male",0,"25","Non_Western","low"
"female",0,"24","Dutch","low"
"male",0,"age_40_45","Western","low"
"male",4,"12","Western","low"
"male",30,"12","Non_Western","low"
"male",0,"22","Western","low"
"male",0,"22","Non_Western","low"
"female",0,"25","Non_Western","low"
"female",0,"28","Western","low"
"female",0,"28","Non_Western","low"
"female",0,"age_40_45","Western","low"
"female",2,"19","Non_Western","low"
"female",0,"age_40_45","Dutch","low"
"male",0,"27","Western","low"
"male",3,"18","Western","low"
"male",0,"24","Western","low"
"male",4,"18","Dutch","low"
"male",0,"29","Dutch","low"
"female",0,"20","Dutch","low"
"female",0,"29","Dutch","low"
"female",0,"29","Western","low"
"female",0,"29","Non_Western","low"
"female",0,"age_30_35","Non_Western","low"
"female",0,"age_30_35","Non_Western","low"
"female",0,"age_30_35","Western","low"
"male",23,"18","Non_Western","low"
"female",0,"24","Western","low"
"male",0,"age_40_45","Non_Western","low"
"male",0,"28","Western","low"
"female",19,"15","Dutch","low"
"male",0,"age_40_45","Dutch","low"
"female",5,"12","Dutch","low"
"female",7,"12","Western","low"
"female",13,"12","Non_Western","low"
"female",16,"15","Western","low"
"female",66,"15","Non_Western","low"
"female",0,"age_35_40","Non_Western","low"
"male",0,"age_30_35","Western","low"
"male",0,"age_30_35","Non_Western","low"
"female",0,"age_30_35","Dutch","low"
"female",0,"23","Western","low"
"male",86,"15","Non_Western","low"
"female",0,"23","Dutch","low"
"male",0,"27","Dutch","low"
"male",33,"14","Dutch","low"
"female",19,"13","Dutch","low"
"female",13,"13","Western","low"
"female",0,"22","Dutch","low"
"female",0,"22","Western","low"
"female",0,"22","Non_Western","low"
"female",0,"28","Dutch","low"
"female",0,"19","Dutch","low"
"female",0,"age_35_40","Dutch","low"
"female",0,"age_35_40","Western","low"
"female",0,"21","Western","low"
"male",0,"28","Dutch","low"
"male",0,"25","Western","low"
"female",23,"16","Dutch","low"
"male",2,"19","Dutch","low"
"male",0,"24","Dutch","low"
"female",0,"age_over_50","Dutch","low"
"female",0,"age_over_50","Western","low"
"female",0,"age_over_50","Non_Western","low"
"male",0,"27","Non_Western","low"
"female",0,"age_30_35","Dutch","low"
"male",0,"24","Non_Western","low"
"female",0,"19","Western","low"
"female",0,"25","Western","low"
"male",0,"23","Dutch","low"
"male",0,"age_over_50","Western","low"
"female",0,"27","Dutch","low"
"male",31,"13","Dutch","low"
"male",2,"19","Western","low"
"male",6,"19","Non_Western","low"
"male",0,"28","Non_Western","low"
"female",0,"27","Western","low"
"female",0,"27","Non_Western","low"
"female",0,"24","Non_Western","low"
"male",0,"26","Western","low"
"female",67,"14","Non_Western","low"
"male",28,"15","Western","low"
"male",0,"22","Dutch","low"
"male",0,"23","Western","low"
"male",0,"26","Non_Western","low"
"male",0,"age_30_35","Non_Western","low"
"male",0,"26","Dutch","low"
"male",0,"29","Western","low"
"male",0,"age_30_35","Dutch","low"
"female",13,"18","Non_Western","low"
"male",0,"age_30_35","Western","low"
"female",0,"26","Non_Western","low"
"male",0,"20","Dutch","low"
"female",0,"26","Dutch","low"
"male",0,"age_30_35","Dutch","low"
"male",0,"age_over_50","Dutch","low"
"female",0,"age_30_35","Western","low"
"female",50,"17","Non_Western","low"
"female",0,"26","Western","low"
"male",0,"age_35_40","Western","low"
"male",0,"age_35_40","Non_Western","low"
"male",19,"13","Western","low"
"male",0,"age_over_50","Non_Western","low"
"female",19,"14","Western","low"
"female",16,"16","Western","low"
"male",0,"29","Non_Western","low"
"male",1,"20","Western","low"
"male",65,"13","Non_Western","low"
"female",0,"21","Dutch","low"
"female",69,"16","Non_Western","low"
"female",0,"21","Non_Western","low"
"male",0,"23","Non_Western","low"
"male",0,"21","Dutch","low"
"female",0,"20","Western","low"
"male",2,"20","Non_Western","low"
"female",0,"23","Non_Western","low"
"female",11,"17","Western","low"
"female",0,"25","Dutch","low"
"female",0,"age_40_45","Non_Western","low"
"male",20,"16","Western","low"
"male",92,"16","Non_Western","low"
"female",5,"18","Western","low"
"female",0,"20","Non_Western","low"
"male",26,"14","Western","low"
"male",68,"14","Non_Western","low"
"female",73,"13","Non_Western","low"
"male",22,"16","Dutch","low"
"female",21,"14","Dutch","low"
"male",0,"age_35_40","Dutch","low"
"male",32,"15","Dutch","low"
"male",0,"25","Dutch","low"
"female",7,"18","Dutch","low"
"male",13,"17","Western","low"
"male",0,"21","Non_Western","low"
"male",75,"17","Non_Western","low"
"male",0,"21","Western","low"
"female",19,"17","Dutch","low"
"male",26,"17","Dutch","low"
"male",26,"26","Non_Western",""
"female",5,"27","Western",""
"female",13,"28","Non_Western",""
"female",30,"25","Dutch",""
"female",0,"13","Dutch",""
"male",2,"29","Western",""
"male",7,"age_30_35","Western",""
"male",47,"20","Non_Western",""
"female",22,"19","Dutch",""
"female",3,"26","Western",""
"female",28,"age_40_45","Dutch",""
"male",45,"22","Non_Western",""
"male",13,"29","Dutch",""
"female",4,"18","Non_Western",""
"male",0,"13","Dutch",""
"female",31,"18","Dutch",""
"male",38,"23","Non_Western",""
"female",17,"20","Non_Western",""
"male",7,"17","Western",""
"male",19,"29","Non_Western",""
"male",72,"age_30_35","Non_Western",""
"female",8,"17","Non_Western",""
"female",20,"26","Dutch",""
"female",21,"17","Dutch",""
"female",20,"26","Non_Western",""
"female",0,"14","Non_Western",""
"male",12,"age_over_50","Non_Western",""
"female",16,"age_35_40","Western",""
"female",12,"age_40_45","Western",""
"female",29,"27","Dutch",""
"male",11,"age_30_35","Western",""
"female",16,"27","Non_Western",""
"male",22,"17","Non_Western",""
"female",6,"age_over_50","Western",""
"female",24,"age_over_50","Non_Western",""
"male",5,"26","Western",""
"female",42,"age_over_50","Dutch",""
"male",1,"15","Dutch",""
"female",49,"age_35_40","Non_Western",""
"female",0,"14","Western",""
"male",0,"15","Western",""
"male",9,"age_over_50","Western",""
"male",12,"23","Western",""
"female",4,"20","Western",""
"male",45,"age_30_35","Dutch",""
"male",9,"20","Western",""
"male",25,"age_35_40","Dutch",""
"female",6,"17","Western",""
"male",52,"21","Non_Western",""
"female",30,"age_30_35","Non_Western",""
"female",21,"28","Dutch",""
"male",75,"19","Dutch",""
"female",11,"age_30_35","Western",""
"male",11,"28","Dutch",""
"female",51,"age_30_35","Dutch",""
"female",17,"29","Non_Western",""
"female",67,"age_30_35","Non_Western",""
"female",0,"15","Western",""
"female",30,"20","Dutch",""
"female",0,"15","Non_Western",""
"female",38,"age_30_35","Dutch",""
"female",9,"age_30_35","Western",""
"female",19,"21","Non_Western",""
"female",14,"25","Non_Western",""
"male",17,"age_30_35","Non_Western",""
"female",31,"age_35_40","Dutch",""
"female",5,"16","Dutch",""
"male",0,"14","Non_Western",""
"male",65,"20","Dutch",""
"male",21,"26","Dutch",""
"male",13,"age_30_35","Dutch",""
"male",7,"27","Western",""
"male",14,"21","Western",""
"female",13,"24","Non_Western",""
"male",3,"16","Non_Western",""
"female",5,"28","Western",""
"female",22,"24","Dutch",""
"male",0,"12","Dutch",""
"female",28,"22","Non_Western",""
"male",0,"15","Non_Western",""
"female",18,"23","Non_Western",""
"male",30,"27","Non_Western",""
"female",2,"22","Western",""
"male",48,"age_35_40","Non_Western",""
"male",1,"28","Western",""
"female",0,"15","Dutch",""
"male",44,"25","Non_Western",""
"male",4,"age_40_45","Western",""
"female",11,"24","Western",""
"male",0,"13","Non_Western",""
"female",23,"19","Non_Western",""
"female",4,"16","Non_Western",""
"male",51,"19","Non_Western",""
"male",0,"14","Dutch",""
"male",19,"28","Non_Western",""
"male",16,"age_40_45","Non_Western",""
"male",35,"25","Dutch",""
"male",15,"age_over_50","Dutch",""
"male",11,"age_35_40","Western",""
"male",21,"27","Dutch",""
"male",0,"12","Western",""
"male",2,"16","Western",""
"male",10,"18","Western",""
"female",39,"age_40_45","Non_Western",""
"female",32,"21","Dutch",""
"female",2,"25","Western",""
"female",26,"23","Dutch",""
"female",0,"23","Western",""
"male",69,"17","Dutch",""
"female",2,"21","Western",""
"male",8,"25","Western",""
"male",0,"12","Non_Western",""
"male",0,"13","Western",""
"male",44,"21","Dutch",""
"female",0,"12","Non_Western",""
"male",13,"19","Western",""
"male",9,"16","Dutch",""
"male",44,"24","Non_Western",""
"female",2,"29","Western",""
"male",6,"24","Western",""
"male",0,"14","Western",""
"female",0,"13","Western",""
"female",4,"18","Western",""
"female",0,"12","Western",""
"female",25,"22","Dutch",""
"female",1,"16","Western",""
"male",40,"24","Dutch",""
"male",7,"22","Western",""
"female",1,"19","Western",""
"female",0,"12","Dutch",""
"male",72,"18","Dutch",""
"male",29,"18","Non_Western",""
"male",32,"22","Dutch",""
"female",13,"29","Dutch",""
"female",0,"14","Dutch",""
"female",0,"13","Non_Western",""
"male",9,"age_40_45","Dutch",""
"male",37,"23","Dutch",""
"female",21,"age_40_45","Western","high"
"male",82,"age_30_35","Western","high"
"female",41,"age_30_35","Dutch","high"
"male",0,"13","Dutch","high"
"female",0,"12","Western","high"
"female",284,"23","Dutch","high"
"male",250,"19","Dutch","high"
"male",283,"23","Dutch","high"
"male",0,"14","Dutch","high"
"female",0,"14","Dutch","high"
"male",7,"age_over_50","Non_Western","high"
"male",169,"age_30_35","Dutch","high"
"male",202,"age_30_35","Non_Western","high"
"male",0,"13","Western","high"
"male",0,"15","Non_Western","high"
"male",60,"17","Non_Western","high"
"male",82,"28","Dutch","high"
"male",83,"25","Western","high"
"female",0,"12","Dutch","high"
"female",143,"28","Non_Western","high"
"female",0,"13","Western","high"
"female",19,"age_30_35","Western","high"
"female",170,"23","Western","high"
"female",24,"age_30_35","Non_Western","high"
"female",367,"24","Non_Western","high"
"female",211,"22","Western","high"
"male",85,"26","Western","high"
"male",7,"age_over_50","Western","high"
"female",430,"20","Non_Western","high"
"male",150,"23","Western","high"
"male",249,"24","Dutch","high"
"male",156,"26","Dutch","high"
"female",0,"14","Western","high"
"female",0,"13","Non_Western","high"
"male",0,"12","Non_Western","high"
"male",0,"14","Western","high"
"female",38,"28","Western","high"
"male",0,"13","Non_Western","high"
"male",134,"19","Western","high"
"male",204,"26","Non_Western","high"
"male",0,"12","Dutch","high"
"female",244,"20","Western","high"
"female",144,"24","Western","high"
"female",192,"18","Dutch","high"
"male",0,"15","Dutch","high"
"female",361,"22","Dutch","high"
"male",333,"22","Dutch","high"
"female",0,"14","Non_Western","high"
"female",235,"24","Dutch","high"
"female",76,"29","Non_Western","high"
"female",323,"19","Non_Western","high"
"female",0,"13","Dutch","high"
"male",48,"28","Western","high"
"female",459,"22","Non_Western","high"
"male",0,"16","Non_Western","high"
"male",113,"28","Non_Western","high"
"female",61,"age_40_45","Dutch","high"
"male",85,"29","Non_Western","high"
"female",81,"18","Western","high"
"male",367,"21","Non_Western","high"
"female",421,"20","Dutch","high"
"female",76,"28","Dutch","high"
"male",175,"21","Western","high"
"female",184,"19","Western","high"
"male",1,"16","Dutch","high"
"female",92,"age_35_40","Non_Western","high"
"male",126,"24","Western","high"
"female",66,"age_35_40","Dutch","high"
"male",170,"27","Non_Western","high"
"female",44,"age_40_45","Non_Western","high"
"female",43,"29","Western","high"
"female",289,"25","Non_Western","high"
"male",173,"20","Western","high"
"female",169,"25","Dutch","high"
"female",41,"29","Dutch","high"
"female",105,"25","Western","high"
"male",0,"12","Western","high"
"male",0,"16","Western","high"
"female",434,"23","Non_Western","high"
"male",354,"22","Non_Western","high"
"male",328,"20","Non_Western","high"
"female",70,"26","Western","high"
"male",116,"27","Dutch","high"
"female",20,"age_35_40","Western","high"
"female",203,"26","Non_Western","high"
"female",0,"16","Western","high"
"female",0,"15","Non_Western","high"
"male",157,"18","Non_Western","high"
"male",310,"21","Dutch","high"
"female",326,"19","Dutch","high"
"male",12,"17","Western","high"
"male",61,"17","Dutch","high"
"male",213,"25","Dutch","high"
"female",466,"21","Non_Western","high"
"female",55,"27","Western","high"
"female",190,"27","Non_Western","high"
"female",2,"16","Non_Western","high"
"female",98,"27","Dutch","high"
"female",20,"17","Western","high"
"male",265,"19","Non_Western","high"
"female",0,"15","Western","high"
"male",27,"age_over_50","Dutch","high"
"male",19,"age_30_35","Dutch","high"
"female",0,"15","Dutch","high"
"female",160,"18","Non_Western","high"
"female",65,"17","Non_Western","high"
"male",268,"25","Non_Western","high"
"female",11,"age_over_50","Western","high"
"male",39,"18","Western","high"
"female",0,"12","Non_Western","high"
"male",55,"27","Western","high"
"male",33,"29","Western","high"
"female",1,"16","Dutch","high"
"male",16,"age_35_40","Western","high"
"male",5,"age_30_35","Western","high"
"female",17,"age_over_50","Non_Western","high"
"female",265,"21","Western","high"
"female",78,"17","Dutch","high"
"female",414,"21","Dutch","high"
"male",292,"24","Non_Western","high"
"male",152,"18","Dutch","high"
"female",115,"26","Dutch","high"
"male",313,"20","Dutch","high"
"male",43,"age_40_45","Dutch","high"
"male",0,"15","Western","high"
"female",133,"age_30_35","Dutch","high"
"male",49,"age_35_40","Non_Western","high"
"female",51,"age_30_35","Western","high"
"male",51,"age_35_40","Dutch","high"
"male",24,"age_30_35","Non_Western","high"
"male",0,"14","Non_Western","high"
"male",69,"29","Dutch","high"
"male",14,"age_40_45","Western","high"
"male",157,"22","Western","high"
"male",359,"23","Non_Western","high"
"male",28,"age_40_45","Non_Western","high"
"female",243,"age_30_35","Non_Western","high"
"female",43,"age_over_50","Dutch","high"
"female",159,"24","Non_Western","high"
"male",69,"24","Western","high"
"male",125,"25","Non_Western","high"
"female",81,"27","Dutch","high"
"male",0,"14","Western","high"
"male",138,"20","Non_Western","high"
"female",229,"19","Western","high"
"male",117,"24","Non_Western","high"
"male",0,"15","Western","high"
"male",147,"23","Dutch","high"
"male",0,"13","Non_Western","high"
"female",176,"18","Dutch","high"
"female",41,"28","Dutch","high"
"female",125,"25","Non_Western","high"
"male",141,"19","Western","high"
"male",50,"26","Western","high"
"female",17,"29","Dutch","high"
"male",96,"22","Western","high"
"female",191,"21","Dutch","high"
"male",172,"22","Dutch","high"
"female",0,"12","Dutch","high"
"male",0,"15","Non_Western","high"
"male",0,"15","Dutch","high"
"female",0,"16","Western","high"
"female",0,"14","Dutch","high"
"male",231,"19","Dutch","high"
"female",0,"12","Western","high"
"male",13,"age_40_45","Non_Western","high"
"male",146,"21","Non_Western","high"
"male",116,"19","Non_Western","high"
"female",0,"15","Non_Western","high"
"female",169,"21","Western","high"
"female",202,"20","Dutch","high"
"female",173,"19","Non_Western","high"
"male",172,"21","Dutch","high"
"female",91,"25","Western","high"
"male",79,"23","Western","high"
"male",63,"28","Dutch","high"
"female",0,"13","Dutch","high"
"female",24,"age_35_40","Dutch","high"
"female",43,"27","Western","high"
"female",114,"18","Western","high"
"male",142,"22","Non_Western","high"
"male",4,"age_over_50","Western","high"
"male",0,"12","Dutch","high"
"male",7,"age_over_50","Non_Western","high"
"female",0,"14","Western","high"
"male",204,"24","Dutch","high"
"female",217,"23","Dutch","high"
"male",18,"29","Western","high"
"female",194,"22","Non_Western","high"
"female",111,"18","Non_Western","high"
"male",127,"23","Non_Western","high"
"male",157,"20","Western","high"
"male",0,"14","Non_Western","high"
"male",233,"20","Dutch","high"
"female",1,"16","Non_Western","high"
"female",154,"25","Dutch","high"
"female",101,"22","Western","high"
"male",93,"21","Western","high"
"male",3,"17","Non_Western","high"
"male",0,"13","Western","high"
"female",20,"age_40_45","Non_Western","high"
"male",0,"14","Dutch","high"
"male",41,"29","Dutch","high"
"female",0,"13","Western","high"
"female",0,"12","Non_Western","high"
"female",3,"age_over_50","Non_Western","high"
"female",198,"20","Non_Western","high"
"female",0,"15","Western","high"
"female",0,"15","Dutch","high"
"female",0,"16","Dutch","high"
"female",267,"19","Dutch","high"
"female",104,"age_30_35","Non_Western","high"
"male",0,"16","Non_Western","high"
"male",71,"25","Western","high"
"female",111,"23","Western","high"
"male",141,"18","Dutch","high"
"female",175,"21","Non_Western","high"
"male",4,"age_30_35","Non_Western","high"
"female",50,"29","Non_Western","high"
"female",109,"26","Dutch","high"
"female",9,"age_30_35","Western","high"
"male",9,"age_40_45","Western","high"
"female",28,"28","Western","high"
"female",2,"17","Non_Western","high"
"male",3,"17","Western","high"
"female",190,"22","Dutch","high"
"male",0,"16","Dutch","high"
"male",0,"13","Dutch","high"
"male",92,"26","Non_Western","high"
"female",9,"age_40_45","Western","high"
"female",68,"27","Non_Western","high"
"female",39,"age_35_40","Non_Western","high"
"female",10,"age_over_50","Western","high"
"male",3,"age_30_35","Western","high"
"female",57,"26","Western","high"
"male",23,"age_over_50","Dutch","high"
"male",44,"27","Western","high"
"male",0,"12","Western","high"
"female",185,"24","Dutch","high"
"female",29,"29","Western","high"
"male",0,"16","Western","high"
"male",84,"age_30_35","Dutch","high"
"female",0,"13","Non_Western","high"
"male",25,"age_35_40","Non_Western","high"
"female",158,"23","Non_Western","high"
"female",26,"age_35_40","Western","high"
"female",7,"17","Western","high"
"male",78,"18","Western","high"
"female",17,"age_40_45","Dutch","high"
"female",215,"20","Western","high"
"male",139,"26","Dutch","high"
"male",9,"17","Dutch","high"
"male",37,"29","Non_Western","high"
"male",57,"28","Non_Western","high"
"female",45,"age_30_35","Western","high"
"male",49,"age_30_35","Western","high"
"male",26,"28","Western","high"
"male",0,"12","Non_Western","high"
"female",4,"17","Dutch","high"
"male",12,"age_30_35","Dutch","high"
"male",66,"18","Non_Western","high"
"female",10,"age_30_35","Dutch","high"
"male",68,"27","Non_Western","high"
"female",26,"age_over_50","Dutch","high"
"male",174,"25","Dutch","high"
"female",102,"26","Non_Western","high"
"male",110,"age_30_35","Non_Western","high"
"female",50,"28","Non_Western","high"
"male",100,"27","Dutch","high"
"female",0,"14","Non_Western","high"
"female",54,"age_30_35","Dutch","high"
"male",18,"age_40_45","Dutch","high"
"female",99,"24","Western","high"
"male",26,"age_35_40","Dutch","high"
"male",9,"age_35_40","Western","high"
"female",8,"age_30_35","Non_Western","high"
"male",0,"27","Western","middle"
"female",1,"24","Western","middle"
"female",0,"24","Dutch","middle"
"female",1,"age_30_35","Western","middle"
"female",1,"25","Western","middle"
"female",0,"age_40_45","Dutch","middle"
"female",21,"19","Dutch","middle"
"male",1,"age_40_45","Non_Western","middle"
"female",2,"16","Dutch","middle"
"female",0,"age_40_45","Western","middle"
"female",0,"age_35_40","Dutch","middle"
"male",2,"25","Non_Western","middle"
"female",0,"age_30_35","Dutch","middle"
"male",1,"22","Dutch","middle"
"female",0,"14","Dutch","middle"
"female",0,"25","Dutch","middle"
"male",0,"12","Non_Western","middle"
"male",28,"18","Non_Western","middle"
"female",4,"21","Dutch","middle"
"male",0,"age_40_45","Dutch","middle"
"male",1,"27","Dutch","middle"
"male",1,"age_40_45","Western","middle"
"female",0,"28","Western","middle"
"female",39,"19","Non_Western","middle"
"female",0,"14","Non_Western","middle"
"male",1,"24","Non_Western","middle"
"male",0,"12","Western","middle"
"male",0,"24","Western","middle"
"male",0,"13","Dutch","middle"
"male",7,"18","Western","middle"
"male",0,"13","Western","middle"
"male",0,"23","Western","middle"
"female",0,"age_30_35","Western","middle"
"female",0,"24","Non_Western","middle"
"male",0,"28","Non_Western","middle"
"female",1,"23","Western","middle"
"male",0,"28","Western","middle"
"female",0,"age_30_35","Dutch","middle"
"male",0,"15","Western","middle"
"female",0,"12","Western","middle"
"male",0,"27","Non_Western","middle"
"male",1,"age_30_35","Dutch","middle"
"female",6,"19","Western","middle"
"male",2,"age_over_50","Dutch","middle"
"female",0,"age_35_40","Western","middle"
"male",8,"21","Non_Western","middle"
"male",1,"16","Dutch","middle"
"female",0,"15","Dutch","middle"
"male",24,"18","Dutch","middle"
"male",1,"age_30_35","Non_Western","middle"
"male",0,"25","Western","middle"
"female",0,"28","Non_Western","middle"
"female",0,"28","Dutch","middle"
"female",2,"age_35_40","Non_Western","middle"
"female",0,"age_30_35","Non_Western","middle"
"female",22,"17","Non_Western","middle"
"female",1,"23","Non_Western","middle"
"male",0,"13","Non_Western","middle"
"female",16,"20","Non_Western","middle"
"female",0,"14","Western","middle"
"female",5,"20","Western","middle"
"female",3,"23","Dutch","middle"
"female",0,"12","Dutch","middle"
"male",0,"age_30_35","Dutch","middle"
"female",2,"22","Non_Western","middle"
"female",2,"age_30_35","Non_Western","middle"
"female",2,"age_40_45","Non_Western","middle"
"female",0,"27","Non_Western","middle"
"female",9,"21","Non_Western","middle"
"female",35,"18","Non_Western","middle"
"male",0,"15","Non_Western","middle"
"female",2,"21","Western","middle"
"male",23,"20","Non_Western","middle"
"male",0,"age_35_40","Western","middle"
"female",5,"20","Dutch","middle"
"male",0,"15","Dutch","middle"
"male",5,"23","Non_Western","middle"
"female",0,"22","Western","middle"
"male",0,"age_30_35","Western","middle"
"female",1,"age_over_50","Non_Western","middle"
"male",1,"age_over_50","Western","middle"
"male",3,"age_over_50","Non_Western","middle"
"male",3,"22","Non_Western","middle"
"male",0,"age_35_40","Non_Western","middle"
"male",2,"24","Dutch","middle"
"male",0,"12","Dutch","middle"
"female",0,"13","Dutch","middle"
"male",0,"age_30_35","Western","middle"
"female",0,"15","Non_Western","middle"
"female",0,"26","Non_Western","middle"
"male",2,"25","Dutch","middle"
"male",0,"age_30_35","Non_Western","middle"
"male",0,"23","Dutch","middle"
"female",0,"26","Dutch","middle"
"female",0,"29","Non_Western","middle"
"female",2,"17","Western","middle"
"female",0,"12","Non_Western","middle"
"male",0,"16","Western","middle"
"female",9,"17","Dutch","middle"
"male",7,"19","Western","middle"
"female",8,"18","Western","middle"
"female",0,"16","Non_Western","middle"
"female",0,"27","Western","middle"
"male",2,"16","Non_Western","middle"
"male",0,"26","Dutch","middle"
"female",0,"29","Western","middle"
"male",36,"19","Non_Western","middle"
"male",0,"28","Dutch","middle"
"male",9,"17","Non_Western","middle"
"male",4,"17","Dutch","middle"
"female",26,"18","Dutch","middle"
"female",0,"13","Non_Western","middle"
"male",0,"22","Western","middle"
"female",1,"16","Western","middle"
"female",2,"25","Non_Western","middle"
"male",3,"17","Western","middle"
"female",1,"22","Dutch","middle"
"male",2,"20","Western","middle"
"male",0,"29","Dutch","middle"
"male",1,"21","Western","middle"
"female",0,"26","Western","middle"
"male",2,"26","Non_Western","middle"
"male",9,"20","Dutch","middle"
"male",0,"14","Non_Western","middle"
"male",20,"19","Dutch","middle"
"female",0,"29","Dutch","middle"
"female",0,"13","Western","middle"
"male",0,"14","Western","middle"
"female",1,"age_over_50","Western","middle"
"female",0,"15","Western","middle"
"male",0,"age_35_40","Dutch","middle"
"male",0,"29","Non_Western","middle"
"female",0,"27","Dutch","middle"
"male",0,"26","Western","middle"
"male",0,"14","Dutch","middle"
"male",2,"21","Dutch","middle"
"female",2,"age_over_50","Dutch","middle"
"male",0,"29","Western","middle"
"female",0,"26","Western","low"
"female",1,"age_over_50","Non_Western","low"
"female",0,"26","Dutch","low"
"female",0,"age_30_35","Non_Western","low"
"male",36,"20","Non_Western","low"
"male",0,"29","Dutch","low"
"female",0,"age_over_50","Dutch","low"
"female",0,"age_over_50","Western","low"
"female",9,"26","Non_Western","low"
"female",0,"age_30_35","Dutch","low"
"female",1,"20","Dutch","low"
"male",4,"29","Non_Western","low"
"female",11,"17","Dutch","low"
"male",4,"age_30_35","Non_Western","low"
"female",30,"17","Non_Western","low"
"male",0,"20","Western","low"
"female",0,"28","Dutch","low"
"male",1,"27","Dutch","low"
"male",22,"21","Non_Western","low"
"male",0,"26","Western","low"
"female",21,"20","Non_Western","low"
"female",0,"21","Western","low"
"female",11,"24","Non_Western","low"
"female",0,"age_30_35","Western","low"
"male",0,"age_35_40","Dutch","low"
"male",0,"29","Western","low"
"female",0,"20","Western","low"
"male",0,"age_30_35","Western","low"
"female",2,"24","Western","low"
"female",0,"15","Non_Western","low"
"male",16,"25","Non_Western","low"
"male",0,"25","Western","low"
"male",0,"27","Western","low"
"male",6,"16","Western","low"
"female",0,"24","Dutch","low"
"female",1,"28","Western","low"
"female",4,"17","Western","low"
"female",0,"age_40_45","Dutch","low"
"male",11,"26","Non_Western","low"
"male",56,"17","Non_Western","low"
"male",2,"age_35_40","Non_Western","low"
"male",0,"26","Dutch","low"
"male",3,"20","Dutch","low"
"male",1,"age_over_50","Dutch","low"
"male",0,"12","Western","low"
"male",31,"16","Non_Western","low"
"male",0,"25","Dutch","low"
"male",10,"16","Dutch","low"
"female",2,"28","Non_Western","low"
"female",11,"25","Non_Western","low"
"female",7,"27","Non_Western","low"
"female",7,"age_35_40","Non_Western","low"
"female",4,"29","Non_Western","low"
"male",0,"age_30_35","Dutch","low"
"female",1,"23","Dutch","low"
"male",0,"21","Western","low"
"female",0,"13","Western","low"
"male",0,"13","Non_Western","low"
"male",0,"13","Western","low"
"male",0,"age_40_45","Dutch","low"
"male",0,"13","Dutch","low"
"female",0,"age_35_40","Dutch","low"
"male",0,"age_30_35","Non_Western","low"
"female",2,"age_40_45","Western","low"
"female",19,"age_30_35","Non_Western","low"
"female",0,"15","Western","low"
"female",0,"22","Western","low"
"male",0,"age_30_35","Dutch","low"
"male",1,"23","Dutch","low"
"male",1,"15","Dutch","low"
"male",0,"14","Dutch","low"
"female",0,"13","Dutch","low"
"male",0,"12","Dutch","low"
"male",16,"23","Non_Western","low"
"female",3,"age_35_40","Western","low"
"female",24,"19","Non_Western","low"
"female",0,"25","Western","low"
"male",0,"age_35_40","Western","low"
"male",18,"17","Dutch","low"
"male",4,"17","Western","low"
"female",0,"29","Western","low"
"male",0,"28","Dutch","low"
"male",6,"19","Dutch","low"
"male",0,"21","Dutch","low"
"female",0,"15","Dutch","low"
"female",16,"16","Non_Western","low"
"female",47,"18","Non_Western","low"
"female",4,"age_30_35","Western","low"
"female",1,"21","Dutch","low"
"male",1,"23","Western","low"
"male",0,"age_over_50","Western","low"
"female",0,"22","Dutch","low"
"male",20,"22","Non_Western","low"
"male",11,"18","Dutch","low"
"male",1,"22","Dutch","low"
"female",1,"19","Western","low"
"female",4,"age_30_35","Dutch","low"
"male",0,"age_30_35","Western","low"
"female",4,"age_40_45","Non_Western","low"
"male",2,"24","Western","low"
"male",0,"age_over_50","Non_Western","low"
"female",6,"16","Dutch","low"
"male",4,"27","Non_Western","low"
"male",8,"28","Non_Western","low"
"male",0,"14","Western","low"
"female",11,"18","Western","low"
"female",0,"27","Dutch","low"
"male",0,"15","Western","low"
"female",0,"12","Non_Western","low"
"male",0,"12","Non_Western","low"
"male",0,"22","Western","low"
"female",6,"21","Non_Western","low"
"female",1,"27","Western","low"
"male",0,"14","Non_Western","low"
"male",0,"24","Dutch","low"
"male",0,"age_40_45","Western","low"
"female",1,"25","Dutch","low"
"female",7,"23","Non_Western","low"
"female",6,"16","Western","low"
"female",7,"22","Non_Western","low"
"male",1,"19","Western","low"
"male",5,"18","Western","low"
"male",1,"age_40_45","Non_Western","low"
"female",0,"12","Western","low"
"female",0,"14","Non_Western","low"
"female",0,"14","Dutch","low"
"male",19,"24","Non_Western","low"
"male",0,"28","Western","low"
"female",0,"29","Dutch","low"
"female",7,"18","Dutch","low"
"male",66,"19","Non_Western","low"
"female",0,"12","Dutch","low"
"female",0,"13","Non_Western","low"
"female",0,"23","Western","low"
"male",60,"18","Non_Western","low"
"female",3,"19","Dutch","low"
"male",0,"15","Non_Western","low"
"female",0,"14","Western","low"
"male",69,"16","Non_Western","middle"
"female",0,"age_30_35","Dutch","middle"
"female",0,"age_over_50","Western","middle"
"male",11,"20","Western","middle"
"female",72,"17","Dutch","middle"
"female",0,"age_over_50","Non_Western","middle"
"female",1,"26","Dutch","middle"
"male",3,"27","Dutch","middle"
"male",29,"25","Non_Western","middle"
"female",8,"age_30_35","Non_Western","middle"
"female",0,"26","Western","middle"
"female",3,"age_over_50","Dutch","middle"
"female",0,"15","Non_Western","middle"
"male",41,"20","Dutch","middle"
"male",17,"29","Non_Western","middle"
"female",1,"age_30_35","Western","middle"
"male",111,"20","Non_Western","middle"
"male",2,"age_30_35","Dutch","middle"
"female",6,"24","Western","middle"
"female",17,"26","Non_Western","middle"
"female",23,"17","Western","middle"
"male",6,"age_35_40","Dutch","middle"
"male",0,"12","Western","middle"
"male",0,"13","Non_Western","middle"
"male",4,"29","Dutch","middle"
"female",13,"24","Non_Western","middle"
"female",0,"13","Western","middle"
"male",2,"age_40_45","Western","middle"
"male",3,"age_over_50","Dutch","middle"
"female",15,"20","Dutch","middle"
"female",4,"24","Dutch","middle"
"female",3,"age_40_45","Non_Western","middle"
"female",6,"20","Western","middle"
"female",0,"13","Dutch","middle"
"male",3,"26","Western","middle"
"female",0,"15","Western","middle"
"male",121,"17","Dutch","middle"
"male",1,"age_30_35","Western","middle"
"male",7,"16","Western","middle"
"male",25,"16","Dutch","middle"
"female",160,"17","Non_Western","middle"
"male",105,"18","Dutch","middle"
"male",7,"23","Western","middle"
"male",12,"21","Western","middle"
"male",24,"age_30_35","Non_Western","middle"
"male",67,"21","Non_Western","middle"
"female",0,"15","Dutch","middle"
"male",1,"25","Western","middle"
"male",11,"23","Dutch","middle"
"male",19,"21","Dutch","middle"
"male",3,"27","Western","middle"
"male",6,"age_35_40","Western","middle"
"male",12,"25","Dutch","middle"
"male",0,"13","Dutch","middle"
"male",0,"28","Western","middle"
"male",0,"14","Dutch","middle"
"male",4,"26","Dutch","middle"
"female",87,"20","Non_Western","middle"
"male",1,"29","Western","middle"
"female",4,"21","Western","middle"
"male",0,"13","Western","middle"
"female",12,"22","Dutch","middle"
"female",4,"age_30_35","Western","middle"
"male",217,"17","Non_Western","middle"
"female",1,"age_35_40","Dutch","middle"
"male",0,"15","Dutch","middle"
"male",3,"22","Western","middle"
"male",0,"14","Western","middle"
"male",0,"12","Dutch","middle"
"female",14,"25","Non_Western","middle"
"female",12,"28","Non_Western","middle"
"female",30,"23","Non_Western","middle"
"male",19,"age_35_40","Non_Western","middle"
"female",9,"23","Dutch","middle"
"male",9,"age_30_35","Dutch","middle"
"male",3,"age_over_50","Western","middle"
"male",0,"12","Non_Western","middle"
"male",15,"19","Western","middle"
"male",44,"19","Dutch","middle"
"female",3,"age_30_35","Dutch","middle"
"female",2,"age_40_45","Dutch","middle"
"male",17,"26","Non_Western","middle"
"male",4,"age_30_35","Western","middle"
"female",150,"19","Non_Western","middle"
"male",2,"24","Western","middle"
"female",1,"27","Dutch","middle"
"female",0,"12","Western","middle"
"female",1,"29","Western","middle"
"female",71,"16","Non_Western","middle"
"female",0,"28","Dutch","middle"
"female",6,"age_35_40","Non_Western","middle"
"male",0,"15","Western","middle"
"female",12,"27","Non_Western","middle"
"female",1,"27","Western","middle"
"male",0,"14","Non_Western","middle"
"male",23,"27","Non_Western","middle"
"female",64,"18","Dutch","middle"
"male",30,"17","Western","middle"
"female",179,"18","Non_Western","middle"
"male",10,"24","Dutch","middle"
"female",3,"age_35_40","Western","middle"
"male",21,"18","Western","middle"
"female",30,"19","Dutch","middle"
"female",1,"28","Western","middle"
"male",3,"28","Dutch","middle"
"female",2,"age_40_45","Western","middle"
"female",6,"22","Western","middle"
"female",0,"13","Non_Western","middle"
"male",6,"age_30_35","Non_Western","middle"
"female",0,"12","Dutch","middle"
"male",175,"19","Non_Western","middle"
"female",11,"21","Dutch","middle"
"male",6,"age_40_45","Non_Western","middle"
"female",23,"16","Dutch","middle"
"female",5,"23","Western","middle"
"female",6,"29","Non_Western","middle"
"male",1,"age_40_45","Dutch","middle"
"female",6,"25","Dutch","middle"
"female",0,"29","Dutch","middle"
"male",40,"23","Non_Western","middle"
"female",2,"25","Western","middle"
"female",0,"14","Western","middle"
"male",227,"18","Non_Western","middle"
"female",13,"19","Western","middle"
"female",0,"14","Non_Western","middle"
"female",0,"14","Dutch","middle"
"male",32,"24","Non_Western","middle"
"male",17,"22","Dutch","middle"
"female",0,"12","Non_Western","middle"
"male",0,"15","Non_Western","middle"
"female",22,"age_30_35","Non_Western","middle"
"male",10,"28","Non_Western","middle"
"female",6,"16","Western","middle"
"female",18,"18","Western","middle"
"female",48,"21","Non_Western","middle"
"male",6,"age_over_50","Non_Western","middle"
"male",57,"22","Non_Western","middle"
"female",37,"22","Non_Western","middle"
"female",31,"age_30_35","Non_Western","middle"
"female",9,"28","Dutch","middle"
"female",1,"29","Western","middle"
"male",122,"18","Non_Western","middle"
"female",0,"14","Non_Western","middle"
"male",13,"28","Non_Western","middle"
"female",2,"25","Western","middle"
"female",0,"15","Non_Western","middle"
"female",14,"29","Non_Western","middle"
"female",4,"26","Western","middle"
"female",2,"age_30_35","Western","middle"
"female",25,"26","Non_Western","middle"
"male",39,"25","Non_Western","middle"
"female",13,"age_35_40","Dutch","middle"
"female",9,"age_35_40","Western","middle"
"female",2,"22","Western","middle"
"female",0,"15","Western","middle"
"male",8,"26","Dutch","middle"
"male",2,"age_30_35","Western","middle"
"male",14,"age_35_40","Dutch","middle"
"male",26,"age_30_35","Non_Western","middle"
"female",21,"age_30_35","Dutch","middle"
"male",39,"21","Dutch","middle"
"female",10,"age_over_50","Non_Western","middle"
"male",19,"age_35_40","Non_Western","middle"
"female",20,"age_over_50","Dutch","middle"
"female",3,"age_over_50","Western","middle"
"female",40,"21","Dutch","middle"
"male",1,"age_35_40","Western","middle"
"male",32,"16","Non_Western","middle"
"female",15,"25","Dutch","middle"
"female",7,"21","Western","middle"
"male",0,"28","Western","middle"
"male",143,"19","Non_Western","middle"
"female",0,"12","Non_Western","middle"
"male",2,"24","Western","middle"
"female",131,"21","Non_Western","middle"
"male",26,"23","Dutch","middle"
"female",0,"13","Western","middle"
"female",16,"age_40_45","Dutch","middle"
"male",1,"age_over_50","Western","middle"
"female",0,"28","Western","middle"
"male",3,"26","Western","middle"
"male",6,"21","Western","middle"
"female",4,"age_40_45","Western","middle"
"male",27,"24","Dutch","middle"
"male",100,"18","Dutch","middle"
"female",14,"22","Dutch","middle"
"male",18,"age_30_35","Dutch","middle"
"female",43,"20","Dutch","middle"
"female",9,"20","Western","middle"
"female",125,"20","Non_Western","middle"
"female",7,"26","Dutch","middle"
"female",21,"16","Dutch","middle"
"female",0,"12","Western","middle"
"male",8,"28","Dutch","middle"
"male",4,"age_over_50","Non_Western","middle"
"female",0,"15","Dutch","middle"
"male",1,"age_40_45","Western","middle"
"male",6,"age_40_45","Non_Western","middle"
"male",5,"age_40_45","Dutch","middle"
"female",12,"23","Dutch","middle"
"male",11,"17","Western","middle"
"male",71,"22","Non_Western","middle"
"female",22,"age_35_40","Non_Western","middle"
"male",72,"17","Dutch","middle"
"male",41,"20","Dutch","middle"
"male",6,"23","Western","middle"
"male",0,"14","Western","middle"
"female",0,"13","Non_Western","middle"
"female",16,"27","Non_Western","middle"
"male",17,"20","Western","middle"
"male",50,"23","Non_Western","middle"
"female",55,"23","Non_Western","middle"
"male",3,"29","Dutch","middle"
"male",0,"15","Non_Western","middle"
"female",97,"22","Non_Western","middle"
"male",0,"12","Non_Western","middle"
"male",0,"12","Dutch","middle"
"male",0,"12","Western","middle"
"male",14,"18","Western","middle"
"male",3,"27","Western","middle"
"male",13,"27","Non_Western","middle"
"female",53,"17","Non_Western","middle"
"male",0,"13","Western","middle"
"male",7,"22","Western","middle"
"male",1,"29","Western","middle"
"male",99,"21","Non_Western","middle"
"male",120,"20","Non_Western","middle"
"female",15,"18","Western","middle"
"male",23,"22","Dutch","middle"
"male",87,"19","Dutch","middle"
"male",17,"25","Dutch","middle"
"male",0,"13","Non_Western","middle"
"male",0,"14","Non_Western","middle"
"female",17,"27","Dutch","middle"
"female",1,"27","Western","middle"
"male",12,"29","Non_Western","middle"
"female",3,"23","Western","middle"
"male",39,"24","Non_Western","middle"
"female",121,"19","Non_Western","middle"
"female",10,"17","Western","middle"
"male",87,"17","Non_Western","middle"
"female",64,"19","Dutch","middle"
"female",1,"16","Western","middle"
"male",0,"14","Dutch","middle"
"male",6,"age_over_50","Dutch","middle"
"male",5,"age_30_35","Dutch","middle"
"male",3,"age_30_35","Western","middle"
"male",5,"age_30_35","Non_Western","middle"
"female",15,"age_40_45","Non_Western","middle"
"female",13,"28","Non_Western","middle"
"female",34,"25","Non_Western","middle"
"male",21,"26","Non_Western","middle"
"female",21,"19","Western","middle"
"female",65,"17","Dutch","middle"
"female",0,"14","Dutch","middle"
"male",0,"15","Western","middle"
"male",0,"15","Dutch","middle"
"female",0,"13","Dutch","middle"
"male",9,"27","Dutch","middle"
"male",5,"16","Western","middle"
"female",15,"age_30_35","Dutch","middle"
"female",4,"age_30_35","Western","middle"
"female",11,"age_30_35","Non_Western","middle"
"female",3,"29","Dutch","middle"
"female",17,"16","Non_Western","middle"
"female",0,"14","Western","middle"
"female",75,"18","Non_Western","middle"
"female",65,"18","Dutch","middle"
"female",0,"12","Dutch","middle"
"male",17,"19","Western","middle"
"male",0,"13","Dutch","middle"
"male",21,"16","Dutch","middle"
"male",5,"25","Western","middle"
"female",13,"24","Dutch","middle"
"female",5,"24","Western","middle"
"female",27,"24","Non_Western","middle"
"female",45,"25","Dutch",""
"male",7,"age_30_35","Western",""
"male",235,"22","Non_Western",""
"female",174,"16","Dutch",""
"male",161,"23","Non_Western",""
"female",30,"age_30_35","Non_Western",""
"female",91,"25","Non_Western",""
"female",110,"age_30_35","Non_Western",""
"female",24,"age_over_50","Non_Western",""
"female",78,"17","Western",""
"male",83,"18","Western",""
"female",630,"17","Non_Western",""
"female",51,"age_35_40","Non_Western",""
"female",28,"age_40_45","Dutch",""
"male",0,"12","Western",""
"female",95,"24","Non_Western",""
"female",87,"26","Non_Western",""
"male",60,"27","Non_Western",""
"female",646,"19","Non_Western",""
"male",17,"age_30_35","Non_Western",""
"male",14,"23","Western",""
"female",9,"25","Western",""
"male",746,"18","Non_Western",""
"female",238,"22","Non_Western",""
"male",0,"13","Western",""
"female",53,"age_30_35","Dutch",""
"female",16,"age_30_35","Western",""
"female",38,"29","Non_Western",""
"male",12,"age_over_50","Non_Western",""
"female",9,"age_30_35","Western",""
"female",0,"15","Non_Western",""
"female",9,"27","Western",""
"female",306,"19","Dutch",""
"female",456,"20","Non_Western",""
"female",781,"18","Non_Western",""
"female",64,"27","Non_Western",""
"female",18,"23","Western",""
"female",6,"age_over_50","Western",""
"male",13,"25","Western",""
"male",0,"13","Dutch",""
"male",37,"28","Non_Western",""
"female",16,"22","Western",""
"female",91,"18","Western",""
"female",12,"age_40_45","Western",""
"female",333,"21","Non_Western",""
"male",18,"22","Western",""
"male",0,"12","Dutch",""
"female",0,"12","Non_Western",""
"male",13,"age_30_35","Dutch",""
"male",46,"25","Dutch",""
"female",7,"28","Western",""
"male",81,"22","Dutch",""
"female",32,"age_35_40","Dutch",""
"female",36,"27","Dutch",""
"female",23,"24","Western",""
"female",0,"13","Non_Western",""
"male",279,"16","Non_Western",""
"male",55,"24","Dutch",""
"female",38,"age_30_35","Dutch",""
"female",0,"14","Non_Western",""
"female",163,"23","Non_Western",""
"male",9,"27","Western",""
"female",0,"14","Dutch",""
"female",40,"age_40_45","Non_Western",""
"male",136,"24","Non_Western",""
"female",76,"22","Dutch",""
"male",644,"17","Non_Western",""
"female",34,"21","Western",""
"male",2,"15","Non_Western",""
"male",11,"age_35_40","Western",""
"male",52,"age_35_40","Non_Western",""
"female",0,"15","Western",""
"male",47,"age_30_35","Dutch",""
"female",17,"age_35_40","Western",""
"male",81,"age_30_35","Non_Western",""
"female",0,"12","Western",""
"male",3,"29","Western",""
"female",278,"16","Non_Western",""
"female",24,"28","Dutch",""
"male",78,"26","Non_Western",""
"male",470,"20","Non_Western",""
"male",686,"19","Non_Western",""
"male",9,"age_over_50","Western",""
"male",69,"23","Dutch",""
"female",67,"19","Western",""
"male",0,"12","Non_Western",""
"female",6,"26","Western",""
"male",41,"21","Western",""
"female",132,"21","Dutch",""
"female",0,"12","Dutch",""
"male",158,"16","Dutch",""
"female",45,"28","Non_Western",""
"female",42,"age_over_50","Dutch",""
"male",0,"14","Non_Western",""
"male",72,"17","Western",""
"female",2,"29","Western",""
"male",12,"24","Western",""
"female",191,"20","Dutch",""
"male",26,"27","Dutch",""
"male",16,"age_40_45","Non_Western",""
"male",419,"18","Dutch",""
"male",209,"20","Dutch",""
"female",59,"23","Dutch",""
"female",25,"26","Dutch",""
"male",50,"20","Western",""
"female",0,"15","Dutch",""
"female",0,"14","Western",""
"male",3,"28","Western",""
"male",343,"21","Non_Western",""
"female",40,"24","Dutch",""
"male",112,"25","Non_Western",""
"male",9,"age_40_45","Dutch",""
"male",40,"29","Non_Western",""
"male",0,"14","Western",""
"female",0,"13","Dutch",""
"female",0,"13","Western",""
"male",0,"13","Non_Western",""
"female",15,"29","Dutch",""
"male",4,"age_40_45","Western",""
"male",15,"age_over_50","Dutch",""
"male",28,"16","Western",""
"male",8,"26","Western",""
"male",304,"19","Dutch",""
"female",343,"17","Dutch",""
"male",65,"19","Western",""
"male",1,"15","Dutch",""
"male",16,"29","Dutch",""
"male",0,"14","Dutch",""
"male",138,"21","Dutch",""
"female",371,"18","Dutch",""
"male",13,"28","Dutch",""
"male",12,"age_30_35","Western",""
"male",0,"15","Western",""
"male",31,"26","Dutch",""
"male",407,"17","Dutch",""
"female",32,"16","Western",""
"female",51,"20","Western",""
"male",26,"age_35_40","Dutch",""
"male",1,"29","Western",""
"female",0,"age_over_50","Western",""
"female",67,"26","Non_Western",""
"female",0,"15","Western",""
"male",21,"29","Non_Western",""
"female",3,"26","Western",""
"female",0,"age_over_50","Dutch",""
"female",7,"27","Dutch",""
"female",274,"16","Non_Western",""
"female",0,"29","Western",""
"female",1,"age_40_45","Non_Western",""
"female",51,"22","Dutch",""
"female",31,"16","Western",""
"female",33,"23","Dutch",""
"female",0,"12","Non_Western",""
"female",0,"15","Dutch",""
"female",2,"29","Dutch",""
"male",635,"19","Non_Western",""
"male",26,"16","Western",""
"female",4,"27","Western",""
"female",169,"16","Dutch",""
"female",77,"25","Non_Western",""
"male",0,"13","Non_Western",""
"female",0,"13","Western",""
"female",0,"13","Non_Western",""
"male",0,"12","Non_Western",""
"male",0,"14","Western",""
"male",0,"14","Non_Western",""
"female",5,"26","Dutch",""
"female",72,"17","Western",""
"female",622,"17","Non_Western",""
"male",338,"17","Dutch",""
"female",322,"17","Dutch",""
"male",0,"age_40_45","Dutch",""
"male",52,"19","Western",""
"male",9,"age_30_35","Non_Western",""
"female",2,"28","Western",""
"male",144,"20","Dutch",""
"male",0,"age_40_45","Western",""
"male",15,"24","Dutch",""
"female",0,"age_over_50","Non_Western",""
"female",0,"12","Western",""
"male",10,"26","Dutch",""
"male",0,"age_40_45","Non_Western",""
"male",0,"13","Western",""
"female",32,"28","Non_Western",""
"male",0,"age_30_35","Western",""
"female",314,"21","Non_Western",""
"male",622,"17","Non_Western",""
"male",123,"23","Non_Western",""
"female",7,"25","Western",""
"male",65,"17","Western",""
"male",229,"19","Dutch",""
"male",0,"13","Dutch",""
"female",0,"13","Dutch",""
"male",0,"12","Western",""
"male",0,"15","Dutch",""
"female",161,"20","Dutch",""
"male",0,"age_35_40","Western",""
"male",1,"age_35_40","Dutch",""
"male",11,"25","Dutch",""
"female",0,"age_40_45","Western",""
"female",0,"age_30_35","Western",""
"female",439,"20","Non_Western",""
"male",0,"age_over_50","Non_Western",""
"female",210,"22","Non_Western",""
"male",2,"27","Western",""
"male",5,"27","Dutch",""
"female",0,"15","Non_Western",""
"female",21,"29","Non_Western",""
"female",340,"18","Dutch",""
"female",0,"age_40_45","Dutch",""
"female",0,"12","Dutch",""
"male",41,"20","Western",""
"female",2,"age_30_35","Dutch",""
"female",87,"18","Western",""
"male",30,"27","Non_Western",""
"female",14,"22","Western",""
"male",717,"18","Non_Western",""
"male",3,"29","Dutch",""
"male",0,"age_over_50","Dutch",""
"male",0,"age_30_35","Non_Western",""
"male",32,"23","Dutch",""
"male",423,"20","Non_Western",""
"male",0,"14","Dutch",""
"female",32,"21","Western",""
"male",347,"18","Dutch",""
"female",284,"19","Dutch",""
"male",92,"24","Non_Western",""
"male",0,"age_30_35","Dutch",""
"female",43,"age_30_35","Non_Western",""
"female",0,"14","Non_Western",""
"female",623,"19","Non_Western",""
"female",0,"14","Dutch",""
"female",47,"20","Western",""
"female",48,"27","Non_Western",""
"female",18,"23","Western",""
"male",94,"21","Dutch",""
"female",3,"28","Dutch",""
"female",100,"21","Dutch",""
"female",777,"18","Non_Western",""
"male",68,"25","Non_Western",""
"female",0,"14","Western",""
"female",82,"24","Non_Western",""
"female",2,"age_35_40","Non_Western",""
"female",145,"23","Non_Western",""
"male",49,"22","Dutch",""
"male",5,"25","Western",""
"male",52,"26","Non_Western",""
"male",276,"16","Non_Western",""
"male",0,"12","Dutch",""
"male",2,"23","Western",""
"female",0,"age_30_35","Non_Western",""
"male",1,"age_30_35","Western",""
"male",73,"18","Western",""
"female",66,"19","Western",""
"male",149,"16","Dutch",""
"female",5,"age_30_35","Western",""
"male",3,"26","Western",""
"female",0,"age_30_35","Dutch",""
"female",12,"24","Western",""
"male",4,"age_35_40","Non_Western",""
"male",0,"age_over_50","Western",""
"female",1,"age_35_40","Dutch",""
"male",6,"24","Western",""
"female",1,"age_35_40","Western",""
"male",27,"21","Western",""
"female",18,"24","Dutch",""
"male",11,"22","Western",""
"female",15,"25","Dutch",""
"male",18,"28","Non_Western",""
"male",2,"age_30_35","Dutch",""
"male",190,"22","Non_Western",""
"male",2,"28","Western",""
"male",2,"15","Non_Western",""
"male",291,"21","Non_Western",""
"male",2,"28","Dutch",""
"male",0,"15","Western",""
"female",0,"age_30_35","Non_Western","low"
"female",0,"age_35_40","Dutch","low"
"female",0,"24","Non_Western","low"
"female",9,"17","Non_Western","low"
"female",0,"age_35_40","Non_Western","low"
"female",0,"22","Dutch","low"
"female",0,"28","Dutch","low"
"male",32,"16","Non_Western","low"
"female",0,"age_30_35","Non_Western","low"
"female",0,"27","Western","low"
"female",3,"20","Non_Western","low"
"male",4,"20","Non_Western","low"
"female",0,"21","Non_Western","low"
"male",0,"age_40_45","Non_Western","low"
"male",0,"age_40_45","Western","low"
"male",0,"age_30_35","Non_Western","low"
"male",625,"14","Non_Western","low"
"male",0,"23","Non_Western","low"
"female",0,"24","Dutch","low"
"female",0,"29","Non_Western","low"
"female",0,"28","Non_Western","low"
"female",476,"14","Non_Western","low"
"male",0,"age_30_35","Western","low"
"male",0,"21","Western","low"
"male",0,"age_35_40","Non_Western","low"
"male",0,"25","Western","low"
"female",14,"17","Western","low"
"male",0,"22","Western","low"
"male",2,"22","Non_Western","low"
"male",11,"16","Western","low"
"male",0,"age_30_35","Dutch","low"
"male",3,"21","Non_Western","low"
"female",0,"age_over_50","Non_Western","low"
"female",0,"age_over_50","Western","low"
"male",291,"13","Western","low"
"male",0,"29","Non_Western","low"
"female",1047,"13","Dutch","low"
"female",0,"29","Western","low"
"female",0,"age_40_45","Non_Western","low"
"male",0,"26","Non_Western","low"
"female",1,"22","Western","low"
"female",1113,"13","Non_Western","low"
"male",0,"23","Dutch","low"
"female",33,"16","Non_Western","low"
"female",847,"12","Dutch","low"
"female",1,"19","Western","low"
"female",0,"21","Western","low"
"male",23,"18","Non_Western","low"
"female",356,"14","Dutch","low"
"male",0,"28","Non_Western","low"
"female",3,"18","Western","low"
"female",0,"25","Dutch","low"
"female",0,"26","Non_Western","low"
"female",0,"age_35_40","Western","low"
"female",1,"22","Non_Western","low"
"male",0,"26","Western","low"
"female",47,"15","Dutch","low"
"male",0,"age_over_50","Western","low"
"male",0,"29","Dutch","low"
"female",244,"12","Western","low"
"female",0,"24","Western","low"
"male",0,"25","Non_Western","low"
"male",0,"25","Dutch","low"
"male",0,"23","Western","low"
"male",0,"age_40_45","Dutch","low"
"female",0,"23","Non_Western","low"
"female",0,"29","Dutch","low"
"female",0,"age_over_50","Dutch","low"
"female",0,"28","Western","low"
"male",0,"age_30_35","Western","low"
"female",0,"27","Non_Western","low"
"female",0,"25","Western","low"
"male",105,"15","Non_Western","low"
"male",0,"20","Western","low"
"male",0,"28","Western","low"
"male",0,"20","Dutch","low"
"female",0,"age_30_35","Western","low"
"male",0,"29","Western","low"
"male",0,"27","Dutch","low"
"male",44,"17","Non_Western","low"
"female",105,"15","Non_Western","low"
"female",27,"15","Western","low"
"female",1,"20","Western","low"
"female",0,"21","Dutch","low"
"male",0,"age_30_35","Dutch","low"
"female",163,"14","Western","low"
"female",0,"26","Dutch","low"
"female",0,"19","Dutch","low"
"male",0,"age_35_40","Dutch","low"
"male",422,"14","Dutch","low"
"female",0,"23","Western","low"
"female",779,"12","Non_Western","low"
"female",0,"age_30_35","Western","low"
"male",0,"24","Dutch","low"
"female",7,"19","Non_Western","low"
"male",277,"12","Western","low"
"male",6,"17","Western","low"
"female",0,"25","Non_Western","low"
"female",0,"age_40_45","Western","low"
"male",0,"age_over_50","Non_Western","low"
"male",6,"16","Dutch","low"
"male",1091,"13","Non_Western","low"
"male",0,"22","Dutch","low"
"female",15,"18","Non_Western","low"
"female",11,"16","Western","low"
"female",0,"26","Western","low"
"male",0,"19","Western","low"
"male",13,"19","Non_Western","low"
"male",730,"12","Non_Western","low"
"male",49,"15","Dutch","low"
"male",0,"19","Dutch","low"
"female",0,"age_30_35","Dutch","low"
"male",0,"27","Western","low"
"male",174,"14","Western","low"
"male",49,"15","Western","low"
"male",0,"28","Dutch","low"
"male",1097,"13","Dutch","low"
"male",0,"26","Dutch","low"
"male",0,"age_30_35","Non_Western","low"
"male",0,"18","Dutch","low"
"male",0,"27","Non_Western","low"
"female",321,"13","Western","low"
"male",0,"21","Dutch","low"
"female",0,"17","Dutch","low"
"female",0,"20","Dutch","low"
"female",0,"age_30_35","Dutch","low"
"male",0,"24","Western","low"
"male",0,"18","Western","low"
"female",0,"23","Dutch","low"
"female",0,"age_40_45","Dutch","low"
"female",0,"27","Dutch","low"
"male",0,"17","Dutch","low"
"male",0,"24","Non_Western","low"
"male",0,"age_35_40","Western","low"
"male",0,"age_over_50","Dutch","low"
"female",2,"16","Dutch","low"
"female",0,"18","Dutch","low"
"male",795,"12","Dutch","low"
"male",0,"age_40_45","Non_Western","middle"
"female",361,"15","Dutch","middle"
"female",0,"22","Dutch","middle"
"female",0,"age_35_40","Western","middle"
"male",0,"age_30_35","Western","middle"
"female",0,"24","Non_Western","middle"
"female",0,"age_over_50","Non_Western","middle"
"female",0,"22","Western","middle"
"female",0,"21","Non_Western","middle"
"female",1,"21","Western","middle"
"male",0,"age_30_35","Non_Western","middle"
"female",22,"13","Western","middle"
"female",124,"15","Western","middle"
"female",6,"13","Non_Western","middle"
"female",0,"26","Dutch","middle"
"female",161,"15","Non_Western","middle"
"female",20,"19","Non_Western","middle"
"male",0,"27","Western","middle"
"female",0,"12","Non_Western","middle"
"female",0,"age_35_40","Non_Western","middle"
"male",0,"28","Dutch","middle"
"female",33,"18","Western","middle"
"female",0,"26","Non_Western","middle"
"female",0,"age_over_50","Western","middle"
"female",351,"17","Dutch","middle"
"female",0,"22","Non_Western","middle"
"male",0,"24","Western","middle"
"female",0,"age_30_35","Dutch","middle"
"female",1,"20","Non_Western","middle"
"female",0,"29","Non_Western","middle"
"female",0,"28","Non_Western","middle"
"male",263,"14","Dutch","middle"
"female",16,"13","Dutch","middle"
"male",0,"22","Non_Western","middle"
"female",0,"24","Western","middle"
"male",21,"19","Dutch","middle"
"male",0,"29","Non_Western","middle"
"male",0,"age_35_40","Western","middle"
"female",0,"age_40_45","Non_Western","middle"
"male",0,"age_over_50","Non_Western","middle"
"male",0,"age_35_40","Dutch","middle"
"male",0,"age_30_35","Non_Western","middle"
"male",0,"27","Dutch","middle"
"male",0,"24","Dutch","middle"
"female",20,"19","Dutch","middle"
"female",2,"20","Western","middle"
"male",0,"23","Non_Western","middle"
"male",2,"20","Non_Western","middle"
"female",0,"23","Non_Western","middle"
"female",0,"age_30_35","Western","middle"
"female",0,"26","Western","middle"
"male",128,"18","Dutch","middle"
"female",0,"age_40_45","Dutch","middle"
"female",0,"age_40_45","Western","middle"
"female",0,"29","Western","middle"
"male",0,"age_30_35","Western","middle"
"male",0,"age_over_50","Western","middle"
"female",0,"28","Western","middle"
"male",2,"12","Western","middle"
"male",171,"16","Non_Western","middle"
"female",1,"12","Western","middle"
"male",0,"25","Non_Western","middle"
"female",0,"age_35_40","Dutch","middle"
"male",0,"29","Western","middle"
"male",0,"26","Non_Western","middle"
"female",0,"23","Dutch","middle"
"male",0,"26","Western","middle"
"male",174,"17","Non_Western","middle"
"female",0,"29","Dutch","middle"
"female",203,"16","Non_Western","middle"
"male",0,"12","Non_Western","middle"
"female",0,"20","Dutch","middle"
"male",1,"21","Non_Western","middle"
"male",0,"age_30_35","Dutch","middle"
"male",8,"19","Western","middle"
"male",0,"23","Western","middle"
"male",0,"age_35_40","Non_Western","middle"
"male",78,"18","Non_Western","middle"
"female",0,"age_30_35","Dutch","middle"
"male",55,"18","Western","middle"
"male",0,"26","Dutch","middle"
"male",0,"age_30_35","Dutch","middle"
"male",116,"17","Western","middle"
"male",0,"age_over_50","Dutch","middle"
"female",341,"16","Dutch","middle"
"male",0,"age_40_45","Western","middle"
"male",106,"16","Western","middle"
"male",17,"13","Dutch","middle"
"female",0,"age_30_35","Western","middle"
"male",0,"age_40_45","Dutch","middle"
"female",0,"23","Western","middle"
"male",0,"29","Dutch","middle"
"male",304,"17","Dutch","middle"
"female",0,"age_over_50","Dutch","middle"
"female",0,"25","Non_Western","middle"
"female",94,"18","Non_Western","middle"
"female",124,"16","Western","middle"
"male",0,"27","Non_Western","middle"
"male",126,"14","Non_Western","middle"
"female",0,"28","Dutch","middle"
"male",90,"14","Western","middle"
"female",0,"27","Non_Western","middle"
"male",20,"19","Non_Western","middle"
"male",0,"23","Dutch","middle"
"male",0,"24","Non_Western","middle"
"female",0,"24","Dutch","middle"
"female",0,"27","Western","middle"
"male",22,"13","Western","middle"
"female",0,"25","Dutch","middle"
"female",1,"21","Dutch","middle"
"male",0,"25","Western","middle"
"female",0,"age_30_35","Non_Western","middle"
"female",0,"27","Dutch","middle"
"male",0,"25","Dutch","middle"
"female",0,"12","Dutch","middle"
"male",162,"15","Non_Western","middle"
"female",176,"17","Non_Western","middle"
"female",0,"age_30_35","Non_Western","middle"
"male",0,"20","Western","middle"
"male",0,"21","Dutch","middle"
"female",0,"25","Western","middle"
"male",0,"28","Western","middle"
"male",2,"20","Dutch","middle"
"male",0,"28","Non_Western","middle"
"male",12,"13","Non_Western","middle"
"male",0,"22","Western","middle"
"female",310,"14","Dutch","middle"
"female",9,"19","Western","middle"
"male",368,"16","Dutch","middle"
"male",330,"15","Dutch","middle"
"female",121,"14","Non_Western","middle"
"male",0,"12","Dutch","middle"
"male",84,"15","Western","middle"
"female",96,"14","Western","middle"
"female",116,"17","Western","middle"
"female",131,"18","Dutch","middle"
"male",0,"22","Dutch","middle"
"male",0,"21","Western","middle"
"female",0,"age_40_45","Non_Western","middle"
"male",0,"age_35_40","Dutch","middle"
"male",0,"27","Western","middle"
"male",0,"24","Dutch","middle"
"male",0,"age_over_50","Western","middle"
"male",0,"age_over_50","Non_Western","middle"
"male",0,"age_30_35","Western","middle"
"male",0,"24","Western","middle"
"male",0,"age_30_35","Non_Western","middle"
"female",0,"age_40_45","Western","middle"
"female",0,"26","Dutch","middle"
"male",0,"age_over_50","Dutch","middle"
"male",0,"age_35_40","Western","middle"
"male",0,"26","Non_Western","middle"
"male",20,"18","Western","middle"
"female",174,"17","Dutch","middle"
"male",317,"15","Dutch","middle"
"male",100,"15","Western","middle"
"male",190,"17","Non_Western","middle"
"male",0,"27","Dutch","middle"
"female",0,"29","Dutch","middle"
"male",0,"27","Non_Western","middle"
"male",0,"age_30_35","Dutch","middle"
"female",0,"age_30_35","Dutch","middle"
"female",1,"20","Western","middle"
"female",240,"14","Dutch","middle"
"male",259,"15","Non_Western","middle"
"female",70,"18","Non_Western","middle"
"male",58,"17","Western","middle"
"male",59,"18","Dutch","middle"
"male",0,"age_40_45","Dutch","middle"
"female",0,"age_30_35","Dutch","middle"
"female",92,"16","Western","middle"
"female",0,"26","Western","middle"
"male",0,"24","Non_Western","middle"
"female",0,"age_over_50","Non_Western","middle"
"male",0,"26","Western","middle"
"male",56,"18","Non_Western","middle"
"female",0,"age_40_45","Dutch","middle"
"female",0,"25","Non_Western","middle"
"male",0,"25","Western","middle"
"male",29,"13","Western","middle"
"female",16,"19","Non_Western","middle"
"female",227,"15","Non_Western","middle"
"male",0,"23","Non_Western","middle"
"female",0,"age_30_35","Western","middle"
"female",0,"23","Western","middle"
"female",0,"23","Non_Western","middle"
"male",0,"age_35_40","Non_Western","middle"
"female",164,"14","Non_Western","middle"
"male",0,"26","Dutch","middle"
"female",0,"25","Western","middle"
"female",76,"14","Western","middle"
"male",5,"19","Dutch","middle"
"male",9,"13","Dutch","middle"
"female",0,"28","Western","middle"
"female",23,"18","Western","middle"
"female",0,"29","Western","middle"
"male",0,"28","Western","middle"
"female",0,"26","Non_Western","middle"
"male",0,"age_30_35","Non_Western","middle"
"male",0,"age_40_45","Non_Western","middle"
"female",0,"24","Western","middle"
"female",0,"25","Dutch","middle"
"female",0,"23","Dutch","middle"
"male",174,"17","Dutch","middle"
"male",0,"25","Dutch","middle"
"male",0,"22","Dutch","middle"
"female",0,"12","Dutch","middle"
"female",0,"20","Dutch","middle"
"female",0,"27","Non_Western","middle"
"female",0,"age_35_40","Non_Western","middle"
"female",0,"age_35_40","Western","middle"
"female",0,"21","Non_Western","middle"
"male",0,"29","Western","middle"
"female",0,"22","Non_Western","middle"
"female",0,"24","Non_Western","middle"
"female",0,"24","Dutch","middle"
"female",306,"16","Dutch","middle"
"male",0,"28","Dutch","middle"
"male",1,"20","Western","middle"
"male",0,"20","Dutch","middle"
"female",269,"16","Non_Western","middle"
"male",0,"12","Western","middle"
"female",0,"28","Dutch","middle"
"female",24,"13","Non_Western","middle"
"female",0,"22","Dutch","middle"
"female",0,"age_30_35","Western","middle"
"female",196,"17","Non_Western","middle"
"male",0,"25","Non_Western","middle"
"male",12,"19","Non_Western","middle"
"female",50,"17","Western","middle"
"male",337,"16","Dutch","middle"
"female",9,"13","Dutch","middle"
"male",208,"14","Dutch","middle"
"female",0,"29","Non_Western","middle"
"male",2,"12","Non_Western","middle"
"male",0,"21","Non_Western","middle"
"female",0,"28","Non_Western","middle"
"female",0,"age_35_40","Dutch","middle"
"female",0,"age_over_50","Western","middle"
"female",0,"21","Western","middle"
"male",6,"19","Western","middle"
"female",118,"15","Western","middle"
"female",0,"21","Dutch","middle"
"male",0,"28","Non_Western","middle"
"male",0,"23","Western","middle"
"female",0,"age_over_50","Dutch","middle"
"male",253,"16","Non_Western","middle"
"male",0,"age_30_35","Western","middle"
"female",0,"12","Non_Western","middle"
"female",0,"age_30_35","Non_Western","middle"
"female",0,"22","Western","middle"
"male",80,"14","Western","middle"
"female",0,"age_30_35","Non_Western","middle"
"male",169,"14","Non_Western","middle"
"female",3,"19","Western","middle"
"female",0,"27","Western","middle"
"male",0,"age_40_45","Western","middle"
"female",301,"15","Dutch","middle"
"male",2,"20","Non_Western","middle"
"male",0,"22","Western","middle"
"female",0,"27","Dutch","middle"
"male",0,"29","Non_Western","middle"
"male",0,"22","Non_Western","middle"
"female",4,"19","Dutch","middle"
"male",0,"29","Dutch","middle"
"female",52,"18","Dutch","middle"
"male",0,"21","Dutch","middle"
"male",74,"16","Western","middle"
"male",0,"21","Western","middle"
"female",0,"12","Western","middle"
"male",17,"13","Non_Western","middle"
"male",0,"age_30_35","Dutch","middle"
"female",0,"20","Non_Western","middle"
"female",39,"13","Western","middle"
"male",0,"12","Dutch","middle"
"male",0,"23","Dutch","middle"
"male",0,"age_30_35","Non_Western","low"
"female",0,"25","Western","low"
"female",173,"16","Non_Western","low"
"female",0,"age_over_50","Dutch","low"
"male",0,"age_over_50","Non_Western","low"
"male",2,"19","Non_Western","low"
"female",0,"age_30_35","Western","low"
"female",0,"age_30_35","Dutch","low"
"male",0,"age_over_50","Western","low"
"female",0,"age_30_35","Dutch","low"
"female",0,"age_40_45","Dutch","low"
"female",0,"24","Non_Western","low"
"female",0,"age_over_50","Western","low"
"female",0,"26","Dutch","low"
"male",0,"age_30_35","Dutch","low"
"male",0,"age_over_50","Dutch","low"
"female",0,"21","Non_Western","low"
"male",195,"16","Non_Western","low"
"male",13,"17","Western","low"
"male",26,"17","Dutch","low"
"male",0,"26","Non_Western","low"
"female",0,"26","Non_Western","low"
"male",0,"age_40_45","Non_Western","low"
"male",3,"18","Western","low"
"female",0,"29","Non_Western","low"
"male",0,"24","Western","low"
"male",0,"27","Non_Western","low"
"male",151,"16","Dutch","low"
"female",0,"24","Western","low"
"female",0,"23","Non_Western","low"
"female",0,"25","Non_Western","low"
"female",0,"age_30_35","Western","low"
"male",0,"26","Dutch","low"
"female",0,"age_35_40","Non_Western","low"
"female",0,"21","Western","low"
"male",0,"22","Non_Western","low"
"male",0,"25","Non_Western","low"
"female",0,"29","Western","low"
"female",0,"age_35_40","Dutch","low"
"male",0,"age_35_40","Western","low"
"female",0,"age_30_35","Non_Western","low"
"female",0,"20","Western","low"
"male",0,"21","Non_Western","low"
"female",201,"14","Non_Western","low"
"male",0,"26","Western","low"
"female",1,"18","Western","low"
"female",0,"age_30_35","Non_Western","low"
"female",0,"26","Western","low"
"male",293,"15","Non_Western","low"
"female",140,"16","Dutch","low"
"male",9,"18","Non_Western","low"
"male",66,"15","Western","low"
"male",0,"age_30_35","Western","low"
"male",57,"17","Non_Western","low"
"female",5,"18","Non_Western","low"
"female",0,"29","Dutch","low"
"male",0,"21","Western","low"
"male",0,"21","Dutch","low"
"female",289,"15","Non_Western","low"
"female",0,"age_35_40","Western","low"
"male",0,"22","Western","low"
"female",0,"12","Western","low"
"female",0,"23","Dutch","low"
"male",0,"25","Western","low"
"male",31,"16","Western","low"
"male",0,"24","Dutch","low"
"male",0,"age_35_40","Dutch","low"
"female",0,"24","Dutch","low"
"male",0,"12","Non_Western","low"
"female",0,"20","Dutch","low"
"male",0,"28","Non_Western","low"
"male",0,"age_35_40","Non_Western","low"
"male",0,"24","Non_Western","low"
"male",0,"29","Non_Western","low"
"female",0,"22","Dutch","low"
"male",0,"22","Dutch","low"
"female",0,"22","Non_Western","low"
"female",32,"16","Western","low"
"female",0,"21","Dutch","low"
"male",0,"age_40_45","Western","low"
"male",0,"12","Western","low"
"male",0,"27","Western","low"
"female",1,"19","Dutch","low"
"male",0,"12","Dutch","low"
"female",41,"17","Non_Western","low"
"male",0,"age_30_35","Western","low"
"female",230,"15","Dutch","low"
"female",0,"12","Non_Western","low"
"female",0,"28","Dutch","low"
"female",11,"17","Western","low"
"female",27,"17","Dutch","low"
"female",21,"14","Western","low"
"male",243,"15","Dutch","low"
"male",0,"18","Dutch","low"
"female",0,"25","Dutch","low"
"female",0,"27","Western","low"
"female",0,"28","Western","low"
"male",0,"23","Western","low"
"female",0,"23","Western","low"
"female",0,"age_40_45","Western","low"
"male",1,"13","Non_Western","low"
"male",0,"25","Dutch","low"
"female",0,"12","Dutch","low"
"male",0,"13","Western","low"
"female",1,"18","Dutch","low"
"female",1,"19","Non_Western","low"
"male",0,"age_40_45","Dutch","low"
"female",0,"age_40_45","Non_Western","low"
"female",66,"15","Western","low"
"male",0,"29","Dutch","low"
"female",0,"13","Non_Western","low"
"male",0,"29","Western","low"
"female",0,"28","Non_Western","low"
"male",0,"27","Dutch","low"
"female",0,"age_over_50","Non_Western","low"
"female",0,"20","Non_Western","low"
"female",0,"27","Non_Western","low"
"male",0,"23","Non_Western","low"
"female",0,"22","Western","low"
"female",0,"13","Western","low"
"male",0,"28","Western","low"
"male",0,"age_30_35","Dutch","low"
"female",139,"14","Dutch","low"
"male",0,"19","Western","low"
"male",164,"14","Non_Western","low"
"male",0,"20","Non_Western","low"
"female",0,"27","Dutch","low"
"male",0,"13","Dutch","low"
"female",1,"19","Western","low"
"male",0,"28","Dutch","low"
"male",0,"20","Dutch","low"
"male",23,"14","Western","low"
"male",0,"age_30_35","Non_Western","low"
"male",0,"19","Dutch","low"
"male",0,"20","Western","low"
"female",2,"13","Dutch","low"
"male",0,"23","Dutch","low"
"male",164,"14","Dutch","low"
"male",18,"18","Non_Western","low"
"male",0,"26","Non_Western","low"
"female",47,"16","Western","low"
"male",348,"15","Non_Western","low"
"male",0,"27","Non_Western","low"
"male",0,"21","Dutch","low"
"male",0,"29","Non_Western","low"
"female",59,"17","Non_Western","low"
"male",78,"17","Non_Western","low"
"female",0,"29","Non_Western","low"
"female",0,"28","Non_Western","low"
"female",0,"age_over_50","Dutch","low"
"female",110,"16","Dutch","low"
"male",0,"age_35_40","Dutch","low"
"male",0,"21","Non_Western","low"
"female",0,"26","Western","low"
"male",0,"13","Western","low"
"female",0,"24","Non_Western","low"
"female",0,"26","Dutch","low"
"male",0,"26","Western","low"
"female",0,"26","Non_Western","low"
"male",0,"age_35_40","Western","low"
"male",0,"22","Non_Western","low"
"male",0,"28","Dutch","low"
"female",0,"20","Dutch","low"
"male",286,"16","Non_Western","low"
"male",0,"24","Dutch","low"
"male",0,"21","Western","low"
"male",0,"12","Western","low"
"female",21,"17","Western","low"
"female",0,"28","Western","low"
"female",0,"27","Non_Western","low"
"male",46,"15","Western","low"
"male",0,"27","Western","low"
"male",0,"12","Non_Western","low"
"female",0,"age_30_35","Western","low"
"male",0,"13","Dutch","low"
"female",0,"age_30_35","Non_Western","low"
"female",3,"18","Non_Western","low"
"female",0,"age_over_50","Western","low"
"female",0,"age_30_35","Non_Western","low"
"female",0,"20","Non_Western","low"
"male",0,"19","Non_Western","low"
"male",1,"19","Western","low"
"male",0,"12","Dutch","low"
"female",0,"27","Dutch","low"
"female",0,"21","Non_Western","low"
"female",0,"age_30_35","Dutch","low"
"male",36,"16","Western","low"
"female",1,"19","Western","low"
"female",45,"15","Western","low"
"male",0,"26","Dutch","low"
"male",0,"24","Western","low"
"female",0,"21","Western","low"
"male",0,"24","Non_Western","low"
"female",0,"28","Dutch","low"
"male",0,"age_30_35","Non_Western","low"
"male",0,"age_30_35","Non_Western","low"
"male",0,"age_30_35","Western","low"
"female",0,"age_30_35","Western","low"
"female",172,"15","Dutch","low"
"female",0,"age_over_50","Non_Western","low"
"male",169,"14","Non_Western","low"
"female",0,"29","Western","low"
"female",0,"25","Non_Western","low"
"female",0,"age_40_45","Western","low"
"female",0,"25","Western","low"
"female",0,"27","Western","low"
"male",0,"28","Western","low"
"female",1,"18","Dutch","low"
"female",0,"25","Dutch","low"
"male",0,"19","Dutch","low"
"female",0,"22","Non_Western","low"
"female",0,"22","Western","low"
"male",0,"age_30_35","Dutch","low"
"female",0,"29","Dutch","low"
"female",0,"21","Dutch","low"
"female",24,"17","Dutch","low"
"male",0,"age_35_40","Non_Western","low"
"male",0,"age_30_35","Western","low"
"female",0,"age_40_45","Non_Western","low"
"male",0,"29","Western","low"
"male",0,"age_over_50","Dutch","low"
"male",0,"13","Non_Western","low"
"female",0,"age_35_40","Dutch","low"
"male",0,"age_30_35","Dutch","low"
"female",0,"13","Non_Western","low"
"female",219,"16","Non_Western","low"
"female",2,"19","Non_Western","low"
"male",13,"14","Western","low"
"male",0,"25","Non_Western","low"
"female",346,"15","Non_Western","low"
"male",0,"age_over_50","Western","low"
"male",0,"28","Non_Western","low"
"male",0,"age_over_50","Non_Western","low"
"male",0,"22","Western","low"
"female",0,"age_35_40","Non_Western","low"
"female",0,"23","Dutch","low"
"male",0,"27","Dutch","low"
"male",0,"20","Dutch","low"
"female",78,"14","Dutch","low"
"male",0,"23","Non_Western","low"
"female",134,"14","Non_Western","low"
"female",0,"20","Western","low"
"female",0,"age_35_40","Western","low"
"female",0,"23","Non_Western","low"
"male",0,"20","Non_Western","low"
"female",2,"18","Western","low"
"male",0,"22","Dutch","low"
"female",0,"23","Western","low"
"female",0,"24","Dutch","low"
"male",0,"25","Western","low"
"female",0,"12","Dutch","low"
"female",0,"12","Western","low"
"male",0,"23","Western","low"
"female",0,"22","Dutch","low"
"male",27,"17","Dutch","low"
"male",2,"18","Dutch","low"
"male",0,"age_40_45","Non_Western","low"
"male",25,"17","Western","low"
"male",0,"20","Western","low"
"male",75,"14","Dutch","low"
"female",0,"24","Western","low"
"male",190,"15","Dutch","low"
"female",0,"age_40_45","Dutch","low"
"male",2,"18","Western","low"
"female",12,"14","Western","low"
"female",0,"13","Dutch","low"
"female",0,"age_30_35","Dutch","low"
"male",0,"25","Dutch","low"
"male",138,"16","Dutch","low"
"male",0,"23","Dutch","low"
"female",0,"12","Non_Western","low"
"female",0,"13","Western","low"
"male",0,"29","Dutch","low"
"female",1,"19","Dutch","low"
"male",0,"age_40_45","Western","low"
"male",0,"age_40_45","Dutch","low"
"female",0,"13","Western","middle"
"male",0,"23","Western","middle"
"female",23,"age_30_35","Dutch","middle"
"female",0,"13","Dutch","middle"
"male",2,"26","Western","middle"
"female",23,"24","Dutch","middle"
"female",0,"12","Dutch","middle"
"male",27,"17","Western","middle"
"male",0,"14","Western","middle"
"male",80,"21","Dutch","middle"
"female",50,"22","Dutch","middle"
"female",11,"age_30_35","Non_Western","middle"
"male",6,"age_35_40","Dutch","middle"
"female",235,"18","Dutch","middle"
"male",27,"age_30_35","Non_Western","middle"
"male",13,"27","Dutch","middle"
"male",6,"28","Non_Western","middle"
"female",8,"22","Western","middle"
"male",31,"23","Dutch","middle"
"female",4,"age_40_45","Western","middle"
"male",46,"24","Non_Western","middle"
"male",32,"19","Western","middle"
"female",0,"14","Western","middle"
"male",203,"20","Non_Western","middle"
"male",9,"29","Dutch","middle"
"male",22,"20","Western","middle"
"female",209,"19","Dutch","middle"
"male",0,"13","Western","middle"
"male",4,"age_over_50","Dutch","middle"
"male",19,"age_30_35","Dutch","middle"
"female",29,"27","Non_Western","middle"
"male",3,"age_40_45","Dutch","middle"
"female",16,"age_35_40","Non_Western","middle"
"female",80,"21","Dutch","middle"
"female",4,"age_30_35","Western","middle"
"male",2,"28","Dutch","middle"
"male",6,"age_30_35","Dutch","middle"
"male",284,"17","Non_Western","middle"
"female",10,"23","Western","middle"
"female",132,"20","Dutch","middle"
"male",167,"19","Dutch","middle"
"male",155,"21","Non_Western","middle"
"male",28,"25","Non_Western","middle"
"female",10,"24","Western","middle"
"male",87,"22","Non_Western","middle"
"male",6,"age_30_35","Non_Western","middle"
"female",6,"27","Western","middle"
"female",2,"age_35_40","Western","middle"
"female",71,"23","Non_Western","middle"
"female",18,"age_35_40","Dutch","middle"
"male",0,"13","Non_Western","middle"
"male",302,"19","Non_Western","middle"
"female",47,"18","Western","middle"
"female",19,"16","Western","middle"
"male",7,"25","Western","middle"
"male",0,"15","Western","middle"
"male",0,"13","Dutch","middle"
"female",18,"age_40_45","Non_Western","middle"
"female",148,"21","Non_Western","middle"
"male",19,"26","Dutch","middle"
"male",8,"22","Western","middle"
"female",0,"14","Non_Western","middle"
"male",29,"26","Non_Western","middle"
"female",0,"13","Non_Western","middle"
"male",9,"age_30_35","Western","middle"
"female",0,"14","Dutch","middle"
"female",0,"29","Western","middle"
"female",124,"16","Dutch","middle"
"male",5,"age_over_50","Western","middle"
"female",41,"17","Western","middle"
"male",203,"18","Dutch","middle"
"female",13,"age_over_50","Non_Western","middle"
"female",0,"15","Western","middle"
"male",1,"age_40_45","Western","middle"
"female",10,"age_40_45","Dutch","middle"
"male",3,"28","Western","middle"
"male",7,"29","Non_Western","middle"
"male",1,"29","Western","middle"
"male",23,"21","Western","middle"
"female",0,"12","Western","middle"
"female",0,"15","Dutch","middle"
"male",17,"24","Dutch","middle"
"male",0,"age_30_35","Western","middle"
"male",0,"15","Dutch","middle"
"female",18,"28","Non_Western","middle"
"male",3,"age_40_45","Non_Western","middle"
"female",32,"19","Western","middle"
"female",18,"27","Dutch","middle"
"female",23,"25","Dutch","middle"
"female",351,"19","Non_Western","middle"
"male",3,"27","Western","middle"
"male",55,"23","Non_Western","middle"
"male",2,"15","Non_Western","middle"
"male",0,"14","Dutch","middle"
"female",23,"21","Western","middle"
"male",147,"16","Non_Western","middle"
"female",174,"16","Non_Western","middle"
"female",480,"18","Non_Western","middle"
"female",0,"12","Non_Western","middle"
"female",36,"20","Western","middle"
"female",25,"age_30_35","Dutch","middle"
"female",223,"20","Non_Western","middle"
"male",0,"12","Non_Western","middle"
"female",2,"26","Western","middle"
"male",40,"22","Dutch","middle"
"male",16,"25","Dutch","middle"
"male",196,"17","Dutch","middle"
"male",12,"age_35_40","Non_Western","middle"
"female",14,"29","Non_Western","middle"
"female",44,"24","Non_Western","middle"
"male",6,"24","Western","middle"
"female",15,"28","Dutch","middle"
"female",17,"26","Dutch","middle"
"female",38,"age_30_35","Non_Western","middle"
"male",4,"age_35_40","Western","middle"
"male",337,"18","Non_Western","middle"
"female",19,"age_over_50","Dutch","middle"
"female",97,"22","Non_Western","middle"
"male",10,"16","Western","middle"
"female",195,"17","Dutch","middle"
"female",387,"17","Non_Western","middle"
"male",2,"age_over_50","Non_Western","middle"
"male",43,"18","Western","middle"
"male",124,"20","Dutch","middle"
"female",6,"age_30_35","Western","middle"
"female",36,"26","Non_Western","middle"
"male",0,"14","Non_Western","middle"
"female",37,"23","Dutch","middle"
"male",0,"12","Western","middle"
"female",3,"age_over_50","Western","middle"
"male",102,"16","Dutch","middle"
"female",5,"25","Western","middle"
"female",12,"29","Dutch","middle"
"male",20,"27","Non_Western","middle"
"male",0,"12","Dutch","middle"
"female",32,"25","Non_Western","middle"
"female",5,"28","Western","middle"
"female",0,"15","Non_Western","middle"
"male",0,"19","Dutch","middle"
"female",0,"13","Dutch","middle"
"male",1,"age_30_35","Dutch","middle"
"female",0,"22","Dutch","middle"
"male",0,"14","Dutch","middle"
"male",0,"26","Dutch","middle"
"male",0,"age_over_50","Western","middle"
"male",0,"13","Dutch","middle"
"female",0,"age_40_45","Dutch","middle"
"female",0,"age_30_35","Non_Western","middle"
"female",0,"age_30_35","Dutch","middle"
"female",0,"23","Non_Western","middle"
"female",0,"22","Western","middle"
"male",0,"15","Dutch","middle"
"male",0,"15","Western","middle"
"male",0,"24","Non_Western","middle"
"female",0,"23","Dutch","middle"
"female",0,"23","Western","middle"
"male",0,"age_30_35","Western","middle"
"male",0,"16","Western","middle"
"female",0,"14","Non_Western","middle"
"male",0,"20","Dutch","middle"
"male",0,"26","Non_Western","middle"
"female",0,"24","Dutch","middle"
"male",0,"16","Non_Western","middle"
"male",0,"25","Non_Western","middle"
"female",0,"13","Non_Western","middle"
"female",0,"12","Western","middle"
"female",0,"age_30_35","Western","middle"
"female",0,"age_40_45","Western","middle"
"male",0,"17","Dutch","middle"
"male",1,"25","Dutch","middle"
"female",0,"13","Western","middle"
"male",0,"15","Non_Western","middle"
"female",0,"24","Non_Western","middle"
"female",0,"24","Western","middle"
"male",0,"28","Western","middle"
"male",0,"12","Non_Western","middle"
"male",0,"21","Western","middle"
"male",0,"26","Western","middle"
"female",0,"19","Non_Western","middle"
"female",0,"age_40_45","Non_Western","middle"
"female",0,"27","Non_Western","middle"
"male",0,"28","Non_Western","middle"
"male",0,"21","Dutch","middle"
"male",0,"23","Dutch","middle"
"male",0,"14","Western","middle"
"female",0,"18","Dutch","middle"
"male",0,"29","Dutch","middle"
"female",0,"20","Dutch","middle"
"male",0,"age_30_35","Non_Western","middle"
"male",0,"17","Non_Western","middle"
"male",0,"12","Western","middle"
"male",0,"17","Western","middle"
"female",0,"14","Dutch","middle"
"female",0,"21","Western","middle"
"female",0,"21","Dutch","middle"
"male",0,"19","Western","middle"
"male",0,"13","Western","middle"
"male",0,"25","Western","middle"
"female",0,"14","Western","middle"
"female",0,"28","Dutch","middle"
"female",0,"12","Non_Western","middle"
"female",0,"15","Non_Western","middle"
"female",0,"29","Dutch","middle"
"female",0,"19","Dutch","middle"
"male",0,"12","Dutch","middle"
"female",0,"16","Dutch","middle"
"female",0,"12","Dutch","middle"
"female",0,"27","Western","middle"
"male",0,"28","Dutch","middle"
"male",1,"24","Dutch","middle"
"male",0,"age_over_50","Non_Western","middle"
"female",0,"28","Non_Western","middle"
"male",0,"23","Western","middle"
"female",0,"22","Non_Western","middle"
"male",0,"13","Non_Western","middle"
"female",0,"19","Western","middle"
"female",0,"15","Dutch","middle"
"female",0,"17","Non_Western","middle"
"male",0,"20","Non_Western","middle"
"male",0,"20","Western","middle"
"female",0,"21","Non_Western","middle"
"female",0,"age_35_40","Western","middle"
"female",0,"18","Non_Western","middle"
"female",0,"25","Western","middle"
"male",0,"29","Non_Western","middle"
"female",0,"28","Western","middle"
"female",0,"18","Western","middle"
"male",0,"22","Western","middle"
"female",0,"15","Western","middle"
"female",0,"25","Dutch","middle"
"male",0,"21","Non_Western","middle"
"female",0,"16","Non_Western","middle"
"female",0,"age_35_40","Dutch","middle"
"male",0,"age_35_40","Non_Western","middle"
"male",0,"18","Western","middle"
"male",0,"22","Non_Western","middle"
"female",0,"20","Non_Western","middle"
"female",0,"27","Dutch","middle"
"female",0,"20","Western","middle"
"female",0,"25","Non_Western","middle"
"male",0,"age_30_35","Non_Western","middle"
"female",0,"16","Western","middle"
"male",0,"age_30_35","Dutch","middle"
"male",0,"19","Non_Western","middle"
"female",0,"29","Non_Western","middle"
"male",0,"24","Western","middle"
"male",0,"16","Dutch","middle"
"female",0,"17","Dutch","middle"
"female",0,"age_35_40","Non_Western","middle"
"male",0,"22","Dutch","middle"
"female",0,"age_over_50","Non_Western","middle"
"male",0,"29","Western","middle"
"female",0,"26","Western","middle"
"female",0,"age_30_35","Non_Western","middle"
"male",0,"27","Non_Western","middle"
"male",0,"27","Dutch","middle"
"male",0,"18","Non_Western","middle"
"male",0,"14","Non_Western","middle"
"male",0,"18","Dutch","middle"
"female",0,"29","Western","middle"
"female",0,"26","Non_Western","middle"
"male",0,"23","Non_Western","middle"
"female",0,"age_30_35","Dutch","middle"
"female",0,"17","Western","middle"
"male",0,"age_40_45","Non_Western","middle"
"male",0,"age_40_45","Western","middle"
"female",0,"age_over_50","Western","middle"
"female",0,"26","Dutch","middle"
"male",1,"age_over_50","Dutch","middle"
"female",0,"age_30_35","Western","middle"
"male",0,"age_35_40","Dutch","middle"
"male",0,"age_35_40","Western","middle"
"male",0,"27","Western","middle"
"male",0,"age_30_35","Western","middle"
"male",0,"age_40_45","Dutch","middle"
"female",0,"age_over_50","Dutch","middle"
"male",0,"28","Western",""
"male",0,"age_30_35","Non_Western",""
"female",0,"age_35_40","Dutch",""
"male",0,"age_40_45","Non_Western",""
"female",0,"23","Western",""
"female",0,"29","Non_Western",""
"male",0,"28","Non_Western",""
"female",0,"age_over_50","Western",""
"male",0,"25","Non_Western",""
"female",0,"age_40_45","Dutch",""
"female",387,"14","Western",""
"female",0,"26","Non_Western",""
"female",0,"24","Western",""
"female",0,"24","Non_Western",""
"female",223,"17","Western",""
"female",0,"age_30_35","Non_Western",""
"male",0,"24","Western",""
"male",0,"age_30_35","Dutch",""
"female",0,"23","Non_Western",""
"male",0,"age_30_35","Western",""
"female",0,"28","Western",""
"female",0,"25","Western",""
"female",0,"28","Non_Western",""
"female",1144,"14","Dutch",""
"female",26,"19","Dutch",""
"female",0,"age_30_35","Western",""
"female",0,"29","Western",""
"male",0,"age_30_35","Non_Western",""
"male",0,"24","Non_Western",""
"male",1029,"16","Non_Western",""
"male",0,"27","Western",""
"female",0,"29","Dutch",""
"female",0,"27","Dutch",""
"female",0,"age_30_35","Non_Western",""
"male",207,"18","Non_Western",""
"female",0,"21","Non_Western",""
"female",1,"22","Non_Western",""
"male",0,"age_over_50","Dutch",""
"female",192,"18","Dutch",""
"female",67,"18","Western",""
"female",4,"20","Non_Western",""
"female",0,"age_over_50","Non_Western",""
"male",0,"23","Non_Western",""
"female",0,"25","Dutch",""
"female",1,"22","Western",""
"male",0,"29","Non_Western",""
"male",0,"25","Western",""
"female",0,"26","Western",""
"male",0,"age_35_40","Non_Western",""
"male",0,"age_35_40","Western",""
"male",2,"20","Western",""
"female",0,"age_40_45","Non_Western",""
"female",0,"27","Western",""
"female",0,"25","Non_Western",""
"female",322,"16","Western",""
"female",4,"20","Western",""
"female",966,"16","Non_Western",""
"male",0,"21","Western",""
"female",0,"27","Non_Western",""
"female",1163,"14","Non_Western",""
"female",0,"age_30_35","Western",""
"male",0,"24","Dutch",""
"male",10,"20","Non_Western",""
"male",1321,"14","Non_Western",""
"male",2,"20","Dutch",""
"female",396,"15","Western",""
"female",0,"age_35_40","Non_Western",""
"female",531,"17","Non_Western",""
"female",200,"18","Non_Western",""
"male",0,"age_30_35","Western",""
"female",0,"24","Dutch",""
"male",0,"22","Western",""
"male",2,"22","Non_Western",""
"female",595,"17","Dutch",""
"female",0,"28","Dutch",""
"female",0,"age_30_35","Dutch",""
"female",1093,"13","Dutch",""
"male",231,"17","Western",""
"male",0,"26","Dutch",""
"female",792,"12","Non_Western",""
"female",1,"21","Western",""
"male",0,"26","Non_Western",""
"female",0,"age_35_40","Western",""
"male",618,"17","Non_Western",""
"male",0,"26","Western",""
"female",1216,"13","Non_Western",""
"male",0,"23","Dutch",""
"male",0,"27","Non_Western",""
"male",361,"13","Western",""
"male",0,"21","Dutch",""
"female",1194,"15","Non_Western",""
"male",406,"14","Western",""
"male",0,"age_35_40","Dutch",""
"female",395,"13","Western",""
"male",762,"12","Non_Western",""
"female",15,"19","Western",""
"male",1253,"15","Non_Western",""
"male",0,"age_40_45","Western",""
"male",1154,"13","Dutch",""
"male",4,"21","Non_Western",""
"female",0,"age_40_45","Western",""
"male",0,"23","Western",""
"male",53,"19","Non_Western",""
"male",278,"16","Western",""
"female",0,"26","Dutch",""
"female",1130,"15","Dutch",""
"female",0,"age_over_50","Dutch",""
"male",557,"17","Dutch",""
"female",48,"19","Non_Western",""
"female",0,"22","Dutch",""
"female",0,"23","Dutch",""
"male",1165,"14","Dutch",""
"female",0,"20","Dutch",""
"male",1022,"16","Dutch",""
"female",0,"age_30_35","Dutch",""
"male",0,"25","Dutch",""
"male",0,"age_over_50","Non_Western",""
"female",252,"12","Western",""
"male",28,"19","Dutch",""
"female",922,"16","Dutch",""
"female",1,"21","Dutch",""
"male",283,"12","Western",""
"male",799,"12","Dutch",""
"male",0,"age_40_45","Dutch",""
"male",0,"age_over_50","Western",""
"male",1161,"15","Dutch",""
"male",0,"age_30_35","Dutch",""
"male",373,"15","Western",""
"male",0,"27","Dutch",""
"male",0,"22","Dutch",""
"male",0,"29","Dutch",""
"male",83,"18","Western",""
"male",193,"18","Dutch",""
"male",0,"28","Dutch",""
"male",17,"19","Western",""
"female",852,"12","Dutch",""
"male",1186,"13","Non_Western",""
"male",0,"29","Western",""
